{
    "nani": 0.01955750276364865,
    "da fak": 0.2952266927934356,
    "_timestamp": 1572822491.3512113,
    "_runtime": 2.421997547149658,
    "_step": 9
}
